create database college
use college
-- Students Table
CREATE TABLE students (
 student_id INT PRIMARY KEY,
 student_name VARCHAR(50),
 gender VARCHAR(10),
 city VARCHAR(50),
 join_year INT
);
-- Courses Table
CREATE TABLE courses (
 course_id INT PRIMARY KEY,
 course_name VARCHAR(100),
 department VARCHAR(50)
);
-- Marks Table
CREATE TABLE marks (
 mark_id INT PRIMARY KEY,
 student_id INT,
 course_id INT,
 marks INT,
 FOREIGN KEY (student_id) REFERENCES students(student_id),
 FOREIGN KEY (course_id) REFERENCES courses(course_id)
);
-- Insert into students
INSERT INTO students (student_id, student_name, gender, city, join_year) VALUES
(1, 'Anu', 'F', 'Tumakuru', 2024),
(2, 'Ravi', 'M', 'Bengaluru', 2023),
(3, 'Kiran', 'M', 'Tumakuru', 2024),
(4, 'Sneha', 'F', 'Mysuru', 2023),
(5, 'Manu', 'M', 'Tumakuru', 2022);

-- Insert into courses
INSERT INTO courses (course_id, course_name, department) VALUES
(101, 'SQL Basics', 'Computer Science'),
(102, 'Excel for Analysts', 'Commerce'),
(103, 'Statistics', 'Mathematics');

-- Insert into marks
INSERT INTO marks (mark_id, student_id, course_id, marks) VALUES
(1, 1, 101, 85),
(2, 2, 101, 72),
(3, 3, 101, 90),
(4, 4, 102, 88),
(5, 5, 103, 67),
(6, 1, 103, 79),
(7, 2, 102, 81);

select * from students
select student_name, city from students
select * from courses
select * from students where city='Tumakuru'
select * from students where join_year= 2024
select * from students where gender = 'F'
select * from marks
select * from marks where marks>80
select * from courses where department = 'Commerce'
select * from students where city != 'Bengaluru'
select * from marks where marks between 70 and 90
select * from students order by student_name asc;
select * from marks order by marks desc;
select * from students order by join_year desc;
select count(*) as total_students from students
select avg(marks) as average_marks from marks;
select * from marks order by marks desc limit 1;
select * from marks order by marks asc limit 1;
select sum(marks) as total_marks from marks;